gender,age,study_hours,attendance,parental_education,internet_access,sleep_hours,previous_score,final_score
male,17,6.2,69.8,high school,yes,7.7,88.5,80.2
male,17,2.5,80.2,high school,yes,7.9,77.1,70.0
female,18,4.1,71.1,high school,yes,5.6,60.4,58.9
female,17,1.6,63.9,bachelor,yes,8.2,78.8,64.8
male,20,1.6,71.7,master,yes,8.4,69.6,60.6
male,19,7.9,94.2,high school,yes,6.8,85.0,82.9
male,19,3.5,86.8,master,no,7.6,71.5,70.1
male,20,3.7,99.6,master,yes,5.9,54.5,72.8
male,18,6.8,92.2,bachelor,yes,5.8,91.6,85.2
female,20,7.2,85.7,high school,yes,6.0,68.7,70.9
female,22,5.1,95.9,bachelor,yes,9.0,43.3,60.1
male,18,5.4,91.7,bachelor,yes,6.5,70.8,73.5
female,21,2.8,82.1,high school,yes,5.5,88.1,68.7
female,17,3.1,66.3,high school,no,8.5,50.8,45.3
male,21,7.4,94.8,bachelor,yes,7.0,46.9,69.4
male,21,3.3,60.8,bachelor,yes,8.3,53.5,58.4
male,18,7.1,97.9,high school,yes,8.3,93.7,86.1
female,21,2.2,81.1,master,yes,5.8,67.4,60.3
male,22,3.2,99.8,master,yes,8.6,62.1,70.9
male,21,4.9,83.5,high school,yes,7.5,48.7,65.7
male,19,1.5,69.5,master,yes,7.2,78.4,66.2
male,20,6.7,67.6,high school,yes,6.4,59.7,60.7
male,22,5.6,85.8,high school,yes,6.4,86.7,76.8
female,18,4.0,71.1,high school,yes,5.3,83.5,69.5
male,17,5.6,81.6,high school,no,8.7,85.9,78.4
male,20,7.3,66.6,high school,no,6.1,82.0,74.8
female,19,4.0,98.3,master,yes,6.9,46.4,65.1
male,22,3.2,62.0,bachelor,yes,8.4,44.4,55.3
male,18,1.5,62.7,high school,yes,8.8,69.2,57.3
male,20,5.6,82.6,bachelor,no,5.8,78.0,68.5
male,19,3.8,86.9,bachelor,yes,8.7,91.1,84.7
male,17,4.8,80.2,high school,no,8.5,87.8,74.0
female,19,2.1,93.3,master,yes,8.9,83.4,66.5
female,22,1.7,95.1,bachelor,yes,5.4,68.2,62.3
female,19,5.2,88.7,high school,yes,8.4,65.3,72.6
male,17,5.4,93.2,high school,yes,8.1,73.2,87.5
female,18,6.2,82.1,bachelor,yes,5.4,91.7,76.1
male,19,5.1,65.9,high school,yes,6.5,91.0,68.6
male,19,2.5,70.0,high school,yes,7.2,87.5,74.8
male,18,7.8,92.4,bachelor,yes,7.9,54.9,74.1
female,22,7.0,92.4,bachelor,yes,7.8,58.0,80.1
male,20,3.4,92.8,high school,yes,7.6,58.9,68.2
female,17,7.8,71.2,master,yes,7.7,85.6,78.1
female,18,5.1,99.3,high school,yes,6.7,78.7,78.6
female,20,5.2,80.5,bachelor,yes,5.8,37.7,52.2
male,19,4.0,98.0,bachelor,yes,7.7,42.5,66.9
female,21,3.2,76.3,bachelor,yes,7.2,46.5,54.4
male,21,5.0,76.2,high school,yes,5.8,82.1,66.1
female,20,4.1,87.0,master,yes,8.6,82.8,76.7
female,17,6.7,90.0,master,yes,8.2,43.8,71.1
male,18,7.9,84.5,high school,yes,8.5,69.5,77.9
female,18,2.0,87.5,high school,yes,5.9,83.2,62.7
female,17,4.9,96.7,high school,yes,8.2,75.1,84.0
female,21,6.7,95.7,bachelor,yes,7.2,88.8,83.4
female,20,2.8,69.9,master,yes,8.1,64.1,61.3
female,18,2.9,72.8,master,yes,5.6,58.0,62.0
male,22,2.5,76.6,bachelor,yes,6.7,47.4,45.5
male,21,3.7,60.2,bachelor,yes,6.6,88.5,71.0
female,21,6.2,81.8,master,yes,7.0,51.4,61.5
female,22,2.2,78.7,high school,no,7.1,89.4,66.4
male,17,5.5,65.4,bachelor,yes,6.0,54.6,55.2
female,19,6.3,93.3,bachelor,yes,6.9,79.9,80.4
male,19,2.6,62.7,master,yes,5.1,49.8,53.3
male,18,4.3,64.6,high school,yes,6.0,57.1,51.6
male,18,7.8,64.3,high school,no,7.3,89.5,65.9
male,17,5.1,93.2,high school,yes,8.1,86.0,88.4
male,21,6.5,73.9,bachelor,yes,5.3,73.9,74.7
female,17,4.0,74.5,bachelor,yes,6.7,79.0,68.2
female,21,6.7,81.5,bachelor,yes,8.3,70.5,73.7
male,19,7.2,69.8,bachelor,yes,7.7,55.2,70.6
female,19,2.3,68.5,bachelor,yes,8.5,77.1,64.1
male,17,2.7,76.3,master,yes,7.8,73.8,66.1
female,20,6.6,63.7,high school,yes,6.0,74.8,63.6
female,20,8.0,82.0,bachelor,yes,6.1,50.1,73.4
male,22,2.3,64.8,master,no,7.8,46.5,49.0
female,17,6.8,71.8,bachelor,yes,5.1,67.0,63.1
female,17,7.8,82.1,master,no,7.6,80.2,77.7
female,20,4.4,73.6,high school,yes,8.4,41.8,59.4
male,20,4.4,83.1,master,yes,5.6,68.8,61.2
male,21,6.4,84.3,master,yes,7.1,62.0,86.2
female,19,7.0,99.6,bachelor,yes,5.2,92.6,91.1
male,19,5.6,66.3,high school,yes,5.6,59.5,66.0
female,19,1.2,71.5,bachelor,yes,6.8,76.2,67.8
male,20,1.8,69.0,high school,no,8.3,39.3,43.8
male,19,5.2,93.0,bachelor,yes,6.9,53.2,64.8
female,20,1.6,61.6,bachelor,yes,7.4,36.6,48.4
male,22,6.9,83.0,high school,no,7.7,51.2,74.4
female,21,5.6,96.6,high school,no,6.7,83.9,78.6
male,20,3.4,73.3,master,yes,5.6,59.7,51.0
female,21,1.3,63.5,bachelor,yes,8.9,59.3,55.6
male,22,7.1,78.5,high school,yes,6.4,80.4,69.9
male,19,4.8,97.1,bachelor,yes,6.9,36.7,57.1
male,22,2.1,82.0,master,yes,5.9,85.5,76.0
male,20,7.5,71.7,master,yes,8.3,93.8,89.6
male,20,4.9,75.3,master,yes,8.5,86.8,73.6
female,19,7.5,80.3,high school,yes,6.2,70.2,82.4
female,18,4.1,79.4,bachelor,yes,7.2,62.3,63.4
male,21,3.7,94.2,bachelor,yes,8.0,77.3,77.2
female,20,7.9,91.7,master,no,7.0,37.2,58.9
male,20,1.7,96.4,high school,yes,6.6,74.3,67.6
male,17,4.3,98.8,bachelor,yes,6.6,39.8,59.5
female,19,5.4,95.5,bachelor,yes,5.1,39.1,68.8
female,18,6.2,77.4,high school,yes,7.8,41.0,65.0
male,17,3.3,62.2,bachelor,yes,5.6,66.9,60.8
male,18,2.2,84.4,bachelor,yes,6.0,89.8,72.8
female,20,2.8,60.4,bachelor,no,7.7,44.5,52.7
female,19,7.9,72.0,bachelor,yes,6.8,53.1,77.3
male,18,3.7,74.4,bachelor,no,6.2,93.7,68.1
female,19,1.1,94.6,master,no,8.6,79.7,72.7
male,21,6.6,68.8,high school,yes,7.7,78.3,63.6
male,22,1.7,85.1,high school,yes,6.8,69.8,62.9
female,19,6.2,67.0,high school,yes,8.5,57.0,63.7
female,18,2.8,93.0,bachelor,no,6.2,87.2,71.5
male,18,6.3,69.0,master,yes,8.9,93.0,73.5
female,17,6.5,60.6,master,yes,6.5,79.9,68.8
female,17,5.7,78.9,master,yes,7.2,89.9,81.9
male,22,1.4,93.0,master,yes,6.6,43.4,60.1
female,17,1.7,95.5,high school,yes,6.5,92.0,71.5
female,21,6.2,66.2,bachelor,yes,8.3,71.9,73.9
female,18,4.1,98.0,bachelor,yes,7.7,67.7,71.4
female,17,3.8,67.6,high school,no,8.3,40.5,53.9
male,17,6.5,69.7,high school,yes,5.8,84.8,79.4
male,21,2.5,94.8,bachelor,yes,8.2,70.8,67.6
male,21,2.8,67.0,master,yes,5.5,56.5,68.2
male,21,3.3,67.0,high school,yes,6.7,41.8,57.1
female,21,5.2,78.1,high school,no,5.2,82.0,69.5
female,20,5.5,61.2,bachelor,yes,6.7,41.5,53.9
male,19,5.3,62.6,bachelor,yes,7.3,77.7,62.3
female,21,4.7,78.1,master,yes,8.2,41.9,54.9
male,20,4.2,69.1,bachelor,yes,6.6,78.8,58.0
female,20,3.2,70.2,high school,yes,6.9,40.5,57.3
female,18,4.9,83.5,master,yes,7.7,59.6,70.4
female,22,1.4,71.5,bachelor,yes,7.3,47.8,50.1
male,19,6.9,74.7,bachelor,yes,8.2,85.7,75.5
male,21,7.5,93.2,bachelor,yes,6.1,80.7,84.9
male,18,5.0,76.0,high school,yes,8.9,40.5,59.0
male,20,3.9,73.6,bachelor,yes,6.3,91.5,62.2
male,18,6.3,62.0,high school,yes,7.6,64.1,59.7
female,20,2.9,90.2,high school,yes,5.4,75.7,62.1
female,17,2.5,99.4,high school,yes,6.2,47.7,57.9
male,19,3.0,64.8,bachelor,yes,5.7,57.8,52.8
female,17,3.8,89.7,bachelor,yes,8.7,86.7,71.6
female,21,3.8,85.6,bachelor,yes,5.1,54.5,62.8
female,17,4.1,64.2,bachelor,yes,7.1,58.7,52.4
female,22,3.4,73.3,high school,yes,7.5,66.8,66.3
female,22,7.7,85.8,high school,yes,5.6,46.8,75.6
male,22,1.5,98.1,master,yes,8.0,80.6,60.9
female,22,3.2,77.6,bachelor,yes,6.2,51.5,61.1
male,19,4.6,72.4,bachelor,yes,6.5,52.2,51.2
male,21,5.2,75.4,master,yes,8.2,88.8,65.1
female,21,5.6,72.9,bachelor,yes,8.8,62.0,71.9
male,21,5.5,61.6,master,yes,6.8,66.4,54.5
male,19,3.6,71.3,bachelor,yes,7.7,38.1,51.2
female,17,4.9,75.5,bachelor,yes,7.6,89.4,71.4
male,19,1.6,86.5,bachelor,yes,7.6,74.7,71.4
male,19,4.9,85.7,bachelor,yes,7.7,84.7,82.1
male,22,5.7,80.3,high school,yes,5.7,47.9,67.4
male,18,2.1,71.8,high school,yes,7.2,79.3,61.8
male,22,3.4,90.7,high school,yes,5.6,45.9,56.8
male,22,4.1,76.4,master,yes,8.9,71.6,62.8
female,18,4.7,72.4,bachelor,no,5.8,75.7,58.5
female,20,4.5,76.7,high school,yes,8.2,43.3,57.9
female,17,5.5,95.0,master,no,7.8,66.0,73.1
male,19,4.1,80.5,bachelor,yes,8.6,84.0,75.6
female,17,3.9,75.9,bachelor,yes,9.0,57.5,75.7
female,18,2.0,71.5,bachelor,yes,5.6,77.3,62.5
female,21,1.0,63.2,bachelor,yes,5.6,91.4,56.2
female,18,3.1,61.9,bachelor,yes,7.5,38.8,47.0
female,21,4.8,85.3,master,yes,5.6,60.8,62.7
female,18,5.7,63.4,bachelor,yes,7.1,65.4,62.0
male,20,7.1,61.7,bachelor,no,6.0,36.0,54.2
male,21,6.1,73.3,high school,yes,6.4,73.6,65.5
female,22,4.3,67.3,high school,yes,8.1,62.5,62.6
male,17,3.2,72.4,bachelor,no,7.2,50.2,55.3
male,19,3.5,91.2,master,yes,5.5,57.1,69.4
female,19,7.8,79.8,bachelor,yes,8.2,51.0,65.6
male,22,4.0,77.2,high school,yes,6.3,39.8,53.2
female,18,5.8,74.1,high school,yes,8.6,71.9,68.4
female,19,5.5,91.7,high school,yes,7.6,56.8,72.8
male,18,6.9,87.1,bachelor,yes,5.3,81.7,69.7
female,19,3.7,82.7,master,yes,6.8,57.3,60.9
male,21,3.6,72.6,bachelor,yes,5.5,79.1,65.4
female,21,3.7,82.5,bachelor,yes,7.8,47.9,55.3
female,18,1.9,94.1,bachelor,yes,7.9,94.8,70.8
female,22,3.4,62.6,master,yes,6.2,44.5,49.2
male,19,4.6,64.9,high school,yes,5.9,64.6,53.0
female,21,5.0,78.7,master,yes,8.5,38.9,54.6
female,21,3.9,76.4,master,yes,8.9,73.5,74.2
female,20,5.8,73.8,master,yes,5.7,93.0,64.6
male,17,4.6,72.2,high school,yes,7.8,55.8,67.1
female,17,2.8,85.4,master,yes,7.5,71.9,73.2
male,18,5.6,88.8,master,yes,8.7,37.5,69.1
male,17,1.3,85.7,master,yes,5.8,69.3,60.0
female,22,7.7,79.3,master,yes,6.8,76.3,75.8
male,20,3.9,78.6,bachelor,yes,6.3,78.1,67.0
female,18,6.3,80.6,high school,yes,6.9,51.0,56.1
male,18,1.7,71.6,bachelor,yes,6.7,92.8,73.8
female,18,6.3,79.9,master,yes,8.5,64.8,67.2
male,20,4.5,98.7,high school,yes,5.2,51.9,57.5
female,19,4.8,93.9,bachelor,yes,6.1,56.9,61.9
